gene_name,dN,dS,omega,midpoint,tmp_pos
SinmeB_0001,0,0.0065,0,888.5,888.5
SinmeB_0003,0.0008,0.00005,NA,2730.75,2730.75
SinmeB_0004,0,0.0001,0,3938,3938
SinmeB_0007,0,0.0197,0,6142.5,6142.5
SinmeB_0008,0,0,0,7065.5,7065.5
SinmeB_0009,0,0,0,7906.5,7906.5
SinmeB_0010,0,0,0,8376.5,8376.5
SinmeB_0011,0,0,0,9914.5,9914.5
SinmeB_0014,0.0008,0,NA,12723,12723
SinmeB_0017,0.0016,0.0059,0.27267,15293,15293
SinmeB_0019,0,0,0,17504.5,17504.5
SinmeB_0022,0,0.0001,0,18823.5,18823.5
SinmeB_0023,0.0024,0,NA,19936.5,19936.5
SinmeB_0025,0,0,0,23138,23138
SinmeB_0027,0,0,0,26416,26416
SinmeB_0028,0,0.0000333333333333333,0,28683.6666666667,28683.6666666667
SinmeB_0029,0,0.00375,0,31196.25,31196.25
SinmeB_0049,0,0,0,53288,53288
SinmeB_0050,0,0,0,54414,54414
SinmeB_0051,0,0,0,55609.5,55609.5
SinmeB_0058,0.00126666666666667,0,NA,63399,63399
SinmeB_0059,0.0018,0,NA,65918,65918
SinmeB_0061,0.0006,0,NA,67752,67752
SinmeB_0063,0.0012,0,NA,70001.5,70001.5
SinmeB_0067,0,0.0001,0,72456,72456
SinmeB_0087,0,0.0037,0,93712.5,93712.5
SinmeB_0088,0.0052,0,NA,96197,96197
SinmeB_0093,0,0,0,107306.5,107306.5
SinmeB_0100,0.0017,0,NA,112167.5,112167.5
SinmeB_0101,0.000875,0.00405,NA,114735.125,114735.125
SinmeB_0103,0.0012,0.0046,0.27071,117166,117166
SinmeB_0109,0,0.0038,0,122684,122684
SinmeB_0115,0,0.0001,0,129301,129301
SinmeB_0116,0,0.0001,0,130379,130379
SinmeB_0122,0,0.0001,0,138358.5,138358.5
SinmeB_0123,0.0011,0.005,0.21383,139394,139394
SinmeB_0126,0.001,0,NA,141853.5,141853.5
SinmeB_0127,0,0.0113,0,144110,144110
SinmeB_0129,0.0012,0.0038,0.31696,145972.5,145972.5
SinmeB_0131,0.0016,0.0037,0.42645,148571.5,148571.5
SinmeB_0132,0.0021,0,NA,149908.5,149908.5
SinmeB_0133,0.0013,0.006,0.20813,150962.5,150962.5
SinmeB_0134,0.00135,0,NA,151993.25,151993.25
SinmeB_0136,0,0,0,153366,153366
SinmeB_0143,0,0,0,161023.5,161023.5
SinmeB_0145,0,0,0,163218.5,163218.5
SinmeB_0147,0.0018,0,NA,164383,164383
SinmeB_0148,0.001,0,NA,165366.5,165366.5
SinmeB_0150,0,0,0,166863,166863
SinmeB_0152,0.0019,0,NA,168629.25,168629.25
SinmeB_0153,0.001,0.0192,0.05278,170433.5,170433.5
SinmeB_0154,0.0009,0.0079,0.11243,172908.5,172908.5
SinmeB_0155,0,0.0026,0,174166.5,174166.5
SinmeB_0160,0,0,0,182823.5,182823.5
SinmeB_0161,0,0,0,183668,183668
SinmeB_0162,0.0013,0.0095,0.13238,184429.5,184429.5
SinmeB_0164,0,0,0,185950.5,185950.5
SinmeB_0167,0,0,0,188037.5,188037.5
SinmeB_0172,0,0.00865,0,193976,193976
SinmeB_0173,0,0,0,195500,195500
SinmeB_0174,0,0,0,196194,196194
SinmeB_0175,0.0012,0,NA,197827,197827
SinmeB_0180,0,0.0929,0,202177.5,202177.5
SinmeB_0181,0.0045,0.0404,0.11048,203195,203195
SinmeB_0183,0,0.0397,0,204729.5,204729.5
SinmeB_0187,0,0.0029,0,208416.5,208416.5
SinmeB_0189,0,0.0001,0,211630,211630
SinmeB_0194,0.0014,0,NA,217849,217849
SinmeB_0195,0.0028,0,NA,218962.5,218962.5
SinmeB_0200,0,0.0001,0,231770,231770
SinmeB_0202,0.0017,0.0135,0.12367,232597,232597
SinmeB_0204,0.0013,0,NA,233578,233578
SinmeB_0205,0.0011,0,NA,234672,234672
SinmeB_0210,0,0.0001,0,239289,239289
SinmeB_0211,0,0,0,239840.5,239840.5
SinmeB_0218,0.0011,0.0061,0.17951,244921.5,244921.5
SinmeB_0222,0.0006,0.0032,0.19881,246537.5,246537.5
SinmeB_0224,0,0,0,248146,248146
SinmeB_0229,0.0015,0,NA,250885,250885
SinmeB_0232,0,0.0001,0,252307,252307
SinmeB_0234,0,0,0,256408,256408
SinmeB_0238,0.0014,0.0028,0.48311,261074.5,261074.5
SinmeB_0240,0,0.0001,0,262546,262546
SinmeB_0242,0.002,0.0043,0.47411,264436,264436
SinmeB_0245,0,0.0068,0,267449.5,267449.5
SinmeB_0246,0,0.0056,0,268618,268618
SinmeB_0248,0,0,0,269784,269784
SinmeB_0250,0,0.0001,0,271570.5,271570.5
SinmeB_0252,0,0,0,273268.5,273268.5
SinmeB_0253,0,0.0027,0,275588,275588
SinmeB_0255,0.0006,0.0026,0.21799,278399.5,278399.5
SinmeB_0268,0,0.0001,0,288665.5,288665.5
SinmeB_0270,0.0008,0,NA,290000,290000
SinmeB_0275,0,0,0,293153,293153
SinmeB_0281,0,0,0,301177,301177
SinmeB_0282,0,0,0,302209,302209
SinmeB_0286,0,0,0,307252,307252
SinmeB_0287,0.0025,0,NA,307806.5,307806.5
SinmeB_0288,0,0,0,309337.5,309337.5
SinmeB_0293,0,0.0107,0,312535.5,312535.5
SinmeB_0294,0.002,0,NA,313653.5,313653.5
SinmeB_0296,0,0.0001,0,315040.5,315040.5
SinmeB_0300,0,0,0,318326.5,318326.5
SinmeB_0301,0,0,0,319835,319835
SinmeB_0302,0.0005,0.0026,0.18927,321623,321623
SinmeB_0305,0,0,0,325288,325288
SinmeB_0306,0.0018,0.005,0.36701,326864,326864
SinmeB_0309,0.00165,0.0029,0.28036,330548.25,330548.25
SinmeB_0311,0,0.0032,0,332589.5,332589.5
SinmeB_0312,0,0.0001,0,335024,335024
SinmeB_0320,0,0.00745,0,343549.75,343549.75
SinmeB_0322,0.0049,0.0112,0.44124,347124.5,347124.5
SinmeB_0329,0,0,0,359652,359652
SinmeB_0335,0,0,0,366363.75,366363.75
SinmeB_0336,0,0.0001,0,367545.5,367545.5
SinmeB_0337,0.0009,0,NA,368971,368971
SinmeB_0340,0,0.0079,0,372567,372567
SinmeB_0342,0,0,0,374146,374146
SinmeB_0344,0,0.0001,0,375734.5,375734.5
SinmeB_0364,0,0,0,388873,388873
SinmeB_0365,0,0,0,390848,390848
SinmeB_0372,0,0,0,397119.25,397119.25
SinmeB_0373,0.0052,0,NA,398271,398271
SinmeB_0374,0,0.0052,0,400093,400093
SinmeB_0376,0,0.007,0,401986.5,401986.5
SinmeB_0377,0,0,0,402935,402935
SinmeB_0378,0,0.0001,0,403625,403625
SinmeB_0384,0,0.0059,0,409121,409121
SinmeB_0390,0,0,0,415890.5,415890.5
SinmeB_0391,0,0.0067,0,416883.75,416883.75
SinmeB_0392,0.0006,0.01005,0.030535,418312.75,418312.75
SinmeB_0393,0.00125,0.00005,NA,419894.5,419894.5
SinmeB_0395,0,0.0021,0,422035,422035
SinmeB_0397,0.0016,0,NA,423620.5,423620.5
SinmeB_0401,0,0.0024,0,428130,428130
SinmeB_0404,0,0.0023,0,431028.5,431028.5
SinmeB_0405,0.0008,0.0028,0.28666,433256.5,433256.5
SinmeB_0407,0,0.0042,0,435070,435070
SinmeB_0408,0,0,0,435900.5,435900.5
SinmeB_0409,0,0.0001,0,436588,436588
SinmeB_0410,0.0003,0.00363333333333333,NA,439010.166666667,439010.166666667
SinmeB_0412,0,0,0,441295,441295
SinmeB_0413,0.0028,0,NA,442118,442118
SinmeB_0414,0,0.0091,0,442965.5,442965.5
SinmeB_0415,0.0017,0.0024,0.72754,444498.5,444498.5
SinmeB_0419,0.0026,0.01395,0.108705,447422,447422
SinmeB_0420,0.0013,0.0337,0.03954,449901,449901
SinmeB_0427,0,0.0105,0,455811,455811
SinmeB_0428,0.005,0.02635,0.17225,457030,457030
SinmeB_0435,0.0015,0.0102,0.14393,467095,467095
SinmeB_0440,0,0.0306,0,471808.5,471808.5
SinmeB_0442,0.0028,0,NA,473597,473597
SinmeB_0443,0.0033,0.0608,0.05498,475663,475663
SinmeB_0445,0,0.0474,0,478488,478488
SinmeB_0452,0.0012,0.0601,0.02032,484126.5,484126.5
SinmeB_0454,0.0069,0.0097,0.71251,485769,485769
SinmeB_0455,0.0037,0.0635,0.05775,486902.5,486902.5
SinmeB_0457,0.0008,0.0176,0.04641,488448,488448
SinmeB_0458,0.0029,0.034,0.08478,490896.5,490896.5
SinmeB_0459,0.0042,0.0569,0.07293,491635.5,491635.5
SinmeB_0463,0.0494,0.1596,0.30937,494309,494309
SinmeB_0465,0.0034,0.0073,0.46948,495578,495578
SinmeB_0473,0.00335,0.0099,0.402225,506945.5,506945.5
SinmeB_0482,0.0022,0.0597,0.03641,517966,517966
SinmeB_0487,0,0.0057,0,524404.5,524404.5
SinmeB_0488,0,0.0306,0,525699.5,525699.5
SinmeB_0489,0.0018,0.0297,0.0695833333333333,527477.333333333,527477.333333333
SinmeB_0490,0.0069,0.0181,0.38247,529280,529280
SinmeB_0491,0.004,0.0785,0.05111,530149,530149
SinmeB_0495,0,0.0001,0,534834.5,534834.5
SinmeB_0496,0.0026,0.0091,0.28626,535460,535460
SinmeB_0498,0.00205,0.0363,0.03971,537248,537248
SinmeB_0499,0.00815,0.06205,0.127675,538786,538786
SinmeB_0526,0.0012,0.0182,0.06352,563544,563544
SinmeB_0531,0.00126666666666667,0.0468333333333333,0.107806666666667,568076.833333333,568076.833333333
SinmeB_0532,0,0.0466,0,569985,569985
SinmeB_0533,0,0.0341,0,571067.5,571067.5
SinmeB_0534,0,0.01275,0,572320,572320
SinmeB_0536,0.0011,0.0156,0.0687,574692.5,574692.5
SinmeB_0537,0,0.0152,0,575822.5,575822.5
SinmeB_0538,0.0025,0.0106,0.24016,577141,577141
SinmeB_0542,0.0022,0,NA,580813.5,580813.5
SinmeB_0546,0.00285,0.0538,0.0374,586806,586806
SinmeB_0552,0.0023,0.0465,0.04985,595136,595136
SinmeB_0556,0.003,0.01305,0.194385,598590.25,598590.25
SinmeB_0557,0,0,0,599641,599641
SinmeB_0561,0,0.0001,0,603761,603761
SinmeB_0562,0,0,0,604283.5,604283.5
SinmeB_0563,0.0039,0.044,0.086835,606700.75,606700.75
SinmeB_0566,0.0032,0,NA,610307.5,610307.5
SinmeB_0567,0,0.0328,0,610991.5,610991.5
SinmeB_0571,0.0088,0,NA,615412,615412
SinmeB_0573,0.0038,0.0046,0.81596,617621,617621
SinmeB_0584,0.0022,0.0644,0.03408,627226,627226
SinmeB_0585,0.0008,0.0111,0.07319,628630.5,628630.5
SinmeB_0591,0,0,0,633302,633302
SinmeB_0592,0,0.0093,0,633875.5,633875.5
SinmeB_0593,0.0012,0,NA,634778.5,634778.5
SinmeB_0605,0,0.0476,0,649083.5,649083.5
SinmeB_0606,0.0022,0.0138,0.16253,650322.5,650322.5
SinmeB_0608,0.00095,0.0121,0.114415,651838,651838
SinmeB_0610,0.0036,0.0238,0.15084,653112.5,653112.5
SinmeB_0611,0,0,0,653503.5,653503.5
SinmeB_0612,0.0043,0.0708,0.06106,654342.5,654342.5
SinmeB_0614,0.0009,0.0349,0.0247,655751.5,655751.5
SinmeB_0615,0.00523333333333333,0.0390333333333333,NA,657262,657262
SinmeB_0641,0.0181,0.0754,0.23955,677662.5,677662.5
SinmeB_0642,0.001,0.0847,0.01122,678587,678587
SinmeB_0644,0.00295,0.0409,0.04311,680988.5,680988.5
SinmeB_0645,0.00042,0.0397,0.002208,683029.6,683029.6
SinmeB_0646,0.0087,0.0344,0.25365,686349.5,686349.5
SinmeB_0647,0.0086,0.0859,0.10066,688334.5,688334.5
SinmeB_0654,0,0.01355,0,695059.25,695059.25
SinmeB_0655,0.0008,0.0268,0.03028,697015.5,697015.5
SinmeB_0656,0.0038,0.0118,0.32064,698262.5,698262.5
SinmeB_0657,0,0,0,699920,699920
SinmeB_0658,0.0037,0.0168,0.22272,700774,700774
SinmeB_0661,0.00235,0.02465,NA,704112,704112
SinmeB_0663,0.0033,0.0549,0.06049,705620,705620
SinmeB_0664,0.00205,0.0287,0.07917,707338.25,707338.25
SinmeB_0666,0.0037,0.0576,0.06373,708659,708659
SinmeB_0668,0.00115,0.12205,0.00675,709610.75,709610.75
SinmeB_0669,0.0098,0.0935,0.10485,710336,710336
SinmeB_0676,0.00175,0.01625,0.13391,714832.75,714832.75
SinmeB_0681,0.0065,0.077,0.08403,721516.5,721516.5
SinmeB_0686,0.0095,0.1339,0.0709,728785.5,728785.5
SinmeB_0687,0.00873333333333333,0.131233333333333,0.08777,730026.333333333,730026.333333333
SinmeB_0689,0.0727,0.9027,0.08057,731631,731631
SinmeB_0691,0.023,1.2495,0.01837,732331.5,732331.5
SinmeB_0692,0.0639,0.7794,0.08199,733158,733158
SinmeB_0693,0.0141,0.9112,0.01548,733858.5,733858.5
SinmeB_0696,0.0114,0.2875,0.0397,736267.5,736267.5
SinmeB_0698,0.021,0.1536,0.13683,737426.5,737426.5
SinmeB_0700,0.008,0.1199,0.06669,738345,738345
SinmeB_0701,0.0447,0.0911,0.49122,740922.5,740922.5
SinmeB_0702,0.00475,0.0954,0.04591,742346.75,742346.75
SinmeB_0704,0.02415,0.24725,0.077135,744699.5,744699.5
SinmeB_0705,0.0107,0.125,0.08583,746216,746216
SinmeB_0706,0.0088,0.0921,0.09528,746736.5,746736.5
SinmeB_0707,0.0018,0.04305,0.03429,747370,747370
SinmeB_0709,0.00235,0.1225,0.016005,748169.5,748169.5
SinmeB_0710,0.0017,0.1385,0.01262,749640.5,749640.5
SinmeB_0711,0.0031,0.08405,0.037375,751355.25,751355.25
SinmeB_0712,0.00235,0.06605,0.03987,753050.5,753050.5
SinmeB_0713,0.0042,0.1109,0.03748,755359.5,755359.5
SinmeB_0716,0,0.0298,0,758444,758444
SinmeB_0717,0.0012,0.032,0.03696,759889,759889
SinmeB_0718,0.0011,0.022,0.05051,760967,760967
SinmeB_0719,0.003,0.03,0.10041,762398.5,762398.5
SinmeB_0722,0.0042,0.05155,0.11341,764212.5,764212.5
SinmeB_0739,0.002,0.0536,0.03649,776976.5,776976.5
SinmeB_0740,0.0043,0.0895,0.04858,779025.5,779025.5
SinmeB_0743,0.0037,0.037,0.10126,782203,782203
SinmeB_0744,0.0011,0.0222,0.064655,784420.5,784420.5
SinmeB_0746,0.0054,0.0373,0.14517,786071.5,786071.5
SinmeB_0750,0.0019,0.0302,0.06271,790622.5,790622.5
SinmeB_0756,0,0,0,797552,797552
SinmeB_0758,0.0021,0.008,0.25656,799628,799628
SinmeB_0760,0.0008,0.0049,0.16263,802064,802064
SinmeB_0763,0.0012,0.0042,0.27958,803622,803622
SinmeB_0764,0.0038,0,NA,804706,804706
SinmeB_0766,0,0,0,806777,806777
SinmeB_0768,0,0.0001,0,808284.5,808284.5
SinmeB_0769,0,0.0055,0,809688,809688
SinmeB_0774,0.0035,0,NA,813026,813026
SinmeB_0775,0,0.0078,0,814188,814188
SinmeB_0777,0,0.00225,0,817617.75,817617.75
SinmeB_0778,0,0.0001,0,818998,818998
SinmeB_0780,0,0.00725,0,821268.75,821268.75
SinmeB_0783,0,0,0,824586,824586
SinmeB_0784,0,0,0,825366,825366
SinmeB_0787,0,0,0,830897,830897
SinmeB_0788,0,0,0,831576.5,831576.5
SinmeB_0789,0,0.0001,0,832520.5,832520.5
SinmeB_0794,0.0026,0,NA,835531,835531
SinmeB_0797,0.00103333333333333,0.0000666666666666667,NA,837896.5,837896.5
SinmeB_0800,0.0016,0.0081,0.2025,841053,841053
SinmeB_0803,0,0,0,843188,843188
SinmeB_0804,0,0.00005,0,843935.75,843935.75
SinmeB_0809,0.001,0.004,0.2514,851712,851712
SinmeB_0811,0,0.0001,0,854160.5,854160.5
SinmeB_0812,0,0,0,855491.5,855491.5
SinmeB_0813,0.001,0,NA,856857.5,856857.5
SinmeB_0815,0,0,0,859991.5,859991.5
SinmeB_0818,0.0011,0,NA,865235.5,865235.5
SinmeB_0820,0,0.008,0,866155.5,866155.5
SinmeB_0825,0,0.00295,0,873432.25,873432.25
SinmeB_0828,0.0004,0.0055,0.07687,876136.5,876136.5
SinmeB_0830,0,0.0078,0,878038,878038
SinmeB_0831,0,0,0,878647.5,878647.5
SinmeB_0833,0.0008,0.0025,0.30952,880315.5,880315.5
SinmeB_0834,0.00125,0.00005,NA,881868,881868
SinmeB_0839,0.0009,0,NA,886380,886380
SinmeB_0841,0,0,0,887571,887571
SinmeB_0842,0,0,0,888159,888159
SinmeB_0843,0.001,0,NA,888971.5,888971.5
SinmeB_0844,0.00065,0.00005,NA,890527.5,890527.5
SinmeB_0850,0,0,0,896113,896113
SinmeB_0857,0,0,0,900137,900137
SinmeB_0862,0,0,0,907584,907584
SinmeB_0863,0,0.0001,0,908609,908609
SinmeB_0865,0,0.0042,0,911005,911005
SinmeB_0867,0.0014,0,NA,912367,912367
SinmeB_0869,0,0.0001,0,913841,913841
SinmeB_0871,0,0,0,915644.5,915644.5
SinmeB_0873,0,0.0071,0,917005,917005
SinmeB_0875,0,0,0,917888.5,917888.5
SinmeB_0877,0,0,0,918946.5,918946.5
SinmeB_0879,0.0024,0,NA,922002.5,922002.5
SinmeB_0884,0,0.00005,0,928996.5,928996.5
SinmeB_0886,0.0007,0.00835,0.04071,932194.25,932194.25
SinmeB_0888,0.0013,0,NA,934163,934163
SinmeB_0889,0,0.0011,0,937005.25,937005.25
SinmeB_0897,0,0.0001,0,945324.5,945324.5
SinmeB_0898,0.0019,0.0038,0.48906,946506,946506
SinmeB_0899,0,0.0001,0,947460,947460
SinmeB_0900,0.0022,0,NA,950113.5,950113.5
SinmeB_0906,0.0011,0,NA,955696,955696
SinmeB_0907,0.0023,0,NA,956871,956871
SinmeB_0908,0,0,0,958947.5,958947.5
SinmeB_0913,0.0007,0,NA,961684.5,961684.5
SinmeB_0914,0,0.0067,0,962961,962961
SinmeB_0915,0.0012,0,NA,964673.5,964673.5
SinmeB_0921,0,0,0,973546,973546
SinmeB_0926,0,0,0,979027.5,979027.5
SinmeB_0927,0.0009,0,NA,980438.5,980438.5
SinmeB_0928,0.0026,0,NA,983257,983257
SinmeB_0930,0,0,0,984799.5,984799.5
SinmeB_0931,0,0,0,985760.5,985760.5
SinmeB_0932,0,0.0001,0,987321,987321
SinmeB_0933,0,0.0042,0,989296.5,989296.5
SinmeB_0935,0.0011,0,NA,990487,990487
SinmeB_0938,0,0.0001,0,992480,992480
SinmeB_0940,0.0013,0,NA,995202.5,995202.5
SinmeB_0941,0,0,0,995747.5,995747.5
SinmeB_0942,0,0.0001,0,996129,996129
SinmeB_0943,0,0.0083,0,996928,996928
SinmeB_0944,0,0.0001,0,997740,997740
SinmeB_0945,0,0,0,998317,998317
SinmeB_0946,0.0024,0.0102,0.23395,999259,999259
SinmeB_0948,0,0,0,1000427,1000427
SinmeB_0958,0,0,0,1015069,1015069
SinmeB_0962,0.0008,0.0045,NA,1018325.25,1018325.25
SinmeB_0968,0.0014,0.002,0.68987,1024420,1024420
SinmeB_0975,0.0005,0,NA,1031787.5,1031787.5
SinmeB_0979,0,0,0,1039053,1039053
SinmeB_0987,0.0024,0,NA,1045352,1045352
SinmeB_0989,0,0,0,1046634.5,1046634.5
SinmeB_0992,0.0013,0,NA,1048122.5,1048122.5
SinmeB_0997,0.0013,0,NA,1050198,1050198
SinmeB_0999,0.0021,0.0079,0.26315,1051104,1051104
SinmeB_1001,0,0,0,1052256,1052256
SinmeB_1005,0.0016,0.0044,0.37082,1054823,1054823
SinmeB_1008,0,0,0,1056619,1056619
SinmeB_1009,0,0.0001,0,1057789,1057789
SinmeB_1017,0.0014,0.0061,0.23219,1065801.5,1065801.5
SinmeB_1019,0.0038,0,NA,1067334,1067334
SinmeB_1022,0.0014,0,NA,1069236,1069236
SinmeB_1025,0,0.006,0,1072729,1072729
SinmeB_1034,0.0015,0,NA,1082074,1082074
SinmeB_1035,0,0,0,1083070,1083070
SinmeB_1040,0,0,0,1087816,1087816
SinmeB_1041,0.0009,0.0027,0.32217,1088988.5,1088988.5
SinmeB_1042,0,0,0,1090009,1090009
SinmeB_1049,0.0074,0,NA,1096330.5,1096330.5
SinmeB_1053,0,0,0,1098367.5,1098367.5
SinmeB_1054,0.0049,0,NA,1098982,1098982
SinmeB_1058,0.003,0,NA,1103500,1103500
SinmeB_1060,0,0.00005,0,1105058.5,1105058.5
SinmeB_1063,0,0.00455,0,1107915.5,1107915.5
SinmeB_1065,0,0.0047,0,1110429,1110429
SinmeB_1066,0,0.0001,0,1111729.5,1111729.5
SinmeB_1068,0,0.0001,0,1113014,1113014
SinmeB_1069,0,0.0057,0,1114265.5,1114265.5
SinmeB_1070,0,0.0001,0,1115317.5,1115317.5
SinmeB_1072,0.0013,0.0016,0.82459,1117528,1117528
SinmeB_1079,0,0.005,0,1125249,1125249
SinmeB_1086,0,0.0001,0,1131112.5,1131112.5
SinmeB_1088,0,0,0,1132934,1132934
SinmeB_1089,0,0.0001,0,1134097.5,1134097.5
SinmeB_1090,0.00635,0.0024,NA,1136346.75,1136346.75
SinmeB_1092,0.0014,0,NA,1140300,1140300
SinmeB_1096,0.0035,0,NA,1143730.5,1143730.5
SinmeB_1109,0,0.0028,0,1156962.75,1156962.75
SinmeB_1117,0,0,0,1164112.5,1164112.5
SinmeB_1118,0,0.0024,0,1165531.5,1165531.5
SinmeB_1119,0,0.01,0,1167069,1167069
SinmeB_1121,0,0,0,1168567.5,1168567.5
SinmeB_1122,0.0015,0.0005,2.69536,1169304,1169304
SinmeB_1123,0,0.0001,0,1170033.5,1170033.5
SinmeB_1124,0,0.0073,0,1170866.5,1170866.5
SinmeB_1130,0,0.0054,0,1175849,1175849
SinmeB_1132,0,0.0023,0,1177848,1177848
SinmeB_1133,0,0,0,1179387,1179387
SinmeB_1136,0.0028,0,NA,1182812,1182812
SinmeB_1138,0.0018,0.0109,0.16653,1184766.5,1184766.5
SinmeB_1142,0.001,0.0028,0.34616,1189082,1189082
SinmeB_1143,0,0.0026,0,1191223.75,1191223.75
SinmeB_1146,0.0012,0,NA,1194149.5,1194149.5
SinmeB_1148,0.00145,0.00005,NA,1197242.75,1197242.75
SinmeB_1149,0.00055,0,NA,1200891.25,1200891.25
SinmeB_1155,0,0,0,1208073,1208073
SinmeB_1156,0.00116666666666667,0.00416666666666667,NA,1210728.5,1210728.5
SinmeB_1157,0.0007,0.00245,0.140765,1212230.5,1212230.5
SinmeB_1159,0,0.0059,0,1213937,1213937
SinmeB_1160,0,0,0,1215429.5,1215429.5
SinmeB_1164,0.0016,0,NA,1217686.5,1217686.5
SinmeB_1166,0.0007,0,NA,1219680.5,1219680.5
SinmeB_1167,0,0,0,1221078,1221078
SinmeB_1168,0,0.0051,0,1221871.5,1221871.5
SinmeB_1175,0,0,0,1229663.5,1229663.5
SinmeB_1178,0.0025,0.0029,0.85885,1233978.5,1233978.5
SinmeB_1179,0.0012,0,NA,1235327.5,1235327.5
SinmeB_1181,0,0.0611,0,1239109.5,1239109.5
SinmeB_1184,0.0068,0.0363,0.18738,1241142,1241142
SinmeB_1188,0.0042,0.0106,0.394,1243887.5,1243887.5
SinmeB_1189,0,0.0483,0,1245444.5,1245444.5
SinmeB_1190,0.0015,0.0165,0.08807,1246734.5,1246734.5
SinmeB_1191,0,0.0238,0,1247511.5,1247511.5
SinmeB_1198,0.0018,0.0339,0.128345,1257410,1257410
SinmeB_1200,0.0048,0.0149,0.32316,1260934.5,1260934.5
SinmeB_1204,0.0102,0.0265,0.38545,1263717.5,1263717.5
SinmeB_1205,0.0015,0.0143,0.10849,1265386.5,1265386.5
SinmeB_1207,0.00185,0.00005,NA,1268007.75,1268007.75
SinmeB_1209,0.0073,0.036,0.20349,1270177,1270177
SinmeB_1213,0.0021,0.0461,0.04502,1275776,1275776
SinmeB_1215,0.0024,0.0124,0.16888,1281861.83333333,1281861.83333333
SinmeB_1216,0.0019,0.01045,0.18729,1285562.5,1285562.5
SinmeB_1220,0,0.0255,0,1289226.5,1289226.5
SinmeB_1221,0,0.0339,0,1291220,1291220
SinmeB_1222,0,0.0072,0,1293098.5,1293098.5
SinmeB_1225,0.0013,0.0566,0.02371,1302040.5,1302040.5
SinmeB_1227,0.0068,0.0124,0.55142,1303301,1303301
SinmeB_1230,0.0005,0.0677,0.00795,1308510.5,1308510.5
SinmeB_1232,0.0043,0.0476,0.0907,1309960,1309960
SinmeB_1237,0.0025,0.0308,0.08063,1314706,1314706
SinmeB_1238,0.0009,0.0206,0.0455,1316052.5,1316052.5
SinmeB_1239,0.0009,0.0052,0.17682,1317550.5,1317550.5
SinmeB_1240,0,0.0001,0,1318447.5,1318447.5
SinmeB_1242,0.0041,0,NA,1320218,1320218
SinmeB_1244,0.0026,0.0102,0.15136,1323542.33333333,1323542.33333333
SinmeB_1248,0,0.02945,0,1328516.25,1328516.25
SinmeB_1249,0,0.0138,0,1329820.5,1329820.5
SinmeB_1251,0,0.0335,0,1331595,1331595
SinmeB_1255,0,0.0001,0,1334408,1334408
SinmeB_1264,0.0098,0.0533,0.18462,1342567,1342567
SinmeB_1268,0.002,0.0219,0.09121,1345499,1345499
SinmeB_1270,0.0012,0.009,0.12951,1347519.5,1347519.5
SinmeB_1275,0.0031,0.0837,0.037,1352442.5,1352442.5
SinmeB_1277,0,0.0231,0,1354184,1354184
SinmeB_1278,0.001,0.0501,0.02001,1355066,1355066
SinmeB_1279,0.0038,0.0741,0.05145,1355895.5,1355895.5
SinmeB_1283,0.0031,0.0204,0.15176,1359700.5,1359700.5
SinmeB_1284,0.0017,0.0357,0.04631,1361020.5,1361020.5
SinmeB_1286,0,0.0351,0,1363638.5,1363638.5
SinmeB_1290,0,0,0,1367529,1367529
SinmeB_1291,0.003,0.0339,0.08932,1368323,1368323
SinmeB_1292,0.00195,0.0235,0.167,1370532,1370532
SinmeB_1295,0.0104,0.0483,0.21605,1374024,1374024
SinmeB_1301,0,0.0176,0,1378435.5,1378435.5
SinmeB_1303,0,0,0,1378910,1378910
SinmeB_1304,0.0043,0.0227,0.18935,1379513.5,1379513.5
SinmeB_1307,0,0.0043,0,1380466.5,1380466.5
SinmeB_1308,0.00383333333333333,0.0161,NA,1381631.66666667,1381631.66666667
SinmeB_1309,0.0063,0.0128,0.49406,1383809,1383809
SinmeB_1310,0.0006,0.04845,0.010675,1386164,1386164
SinmeB_1312,0,0.0113,0,1388139.75,1388139.75
SinmeB_1313,0,0.0001,0,1388983,1388983
SinmeB_1315,0.0012,0.0252,0.04781,1390140.5,1390140.5
SinmeB_1316,0,0.0154,0,1391896,1391896
SinmeB_1319,0.0017,0.0461,0.03721,1393388,1393388
SinmeB_1322,0.0018,0.0053,0.33751,1394495.5,1394495.5
SinmeB_1324,0,0.0672,0,1395737.5,1395737.5
SinmeB_1326,0.0096,0.0239,0.39951,1396832,1396832
SinmeB_1327,0.0046,0.0695,0.0663,1397308.5,1397308.5
SinmeB_1328,0,0.0283,0,1399479,1399479
SinmeB_1330,0.00095,0.02205,0.133135,1401348,1401348
SinmeB_1333,0.0018,0.0319,0.05498,1404401.5,1404401.5
SinmeB_1338,0,0.0179,0,1409903.5,1409903.5
SinmeB_1366,0.0008,0.0094,0.08231,1424876,1424876
SinmeB_1369,0.00283333333333333,0.0198333333333333,NA,1428062.5,1428062.5
SinmeB_1371,0.0041,0.0641,0.06389,1429758.5,1429758.5
SinmeB_1372,0,0.0099,0,1431940,1431940
SinmeB_1373,0.0025,0.0227,0.11041,1432945.5,1432945.5
SinmeB_1374,0,0.0261,0,1433559.5,1433559.5
SinmeB_1375,0,0.0096,0,1434102,1434102
SinmeB_1382,0.0045,0.0404,0.11114,1439060.5,1439060.5
SinmeB_1389,0.001,0.0186,0.05633,1445783,1445783
SinmeB_1391,0.0005,0.0246,0.02057,1447990.5,1447990.5
SinmeB_1397,0.0021,0.00755,0.137695,1455002.75,1455002.75
SinmeB_1399,0.002,0.0411,0.028655,1458173.5,1458173.5
SinmeB_1401,0.0014,0.0608,0.02305,1459712.5,1459712.5
SinmeB_1402,0,0.0281333333333333,0,1461247.66666667,1461247.66666667
SinmeB_1403,0.0009,0.0137,0.0449,1462877.5,1462877.5
SinmeB_1404,0,0.0275,0,1463856,1463856
SinmeB_1405,0,0.0405,0,1466383,1466383
SinmeB_1409,0,0.0302,0,1470742.5,1470742.5
SinmeB_1413,0.0036,0.02545,0.31576,1474599.75,1474599.75
SinmeB_1414,0.0006,0.0188,0.03221,1476153.5,1476153.5
SinmeB_1416,0,0.00225,0,1478304.75,1478304.75
SinmeB_1417,0,0.0095,0,1479698.5,1479698.5
SinmeB_1418,0,0.039,0,1480489.5,1480489.5
SinmeB_1419,0.00265,0,NA,1481835.5,1481835.5
SinmeB_1420,0,0.0193,0,1482857.25,1482857.25
SinmeB_1421,0,0.0056,0,1483949.5,1483949.5
SinmeB_1422,0,0.0127,0,1484540,1484540
SinmeB_1425,0,0,0,1485437.5,1485437.5
SinmeB_1427,0,0.0163,0,1486308.5,1486308.5
SinmeB_1429,0,0.0001,0,1487368.5,1487368.5
SinmeB_1430,0,0,0,1487767.5,1487767.5
SinmeB_1431,0,0.0212,0,1489256,1489256
SinmeB_1433,0,0.03285,0,1490568.5,1490568.5
SinmeB_1434,0,0.0207,0,1491524.5,1491524.5
SinmeB_1435,0,0.043,0,1492328,1492328
SinmeB_1436,0,0.0121,0,1493091.5,1493091.5
SinmeB_1439,0.0046,0.0459,0.1,1496450.5,1496450.5
SinmeB_1441,0.0029,0.0807,0.03626,1497807,1497807
SinmeB_1442,0.0043,0.1139,0.03757,1498782,1498782
SinmeB_1450,0,0.0276,0,1508389.5,1508389.5
SinmeB_1453,0.0016,0.0321,0.0489,1511491.5,1511491.5
SinmeB_1456,0.0018,0.0356,0.05127,1514831.5,1514831.5
SinmeB_1457,0,0.0001,0,1515820,1515820
SinmeB_1470,0,0.0296,0,1528792.25,1528792.25
SinmeB_1473,0.0084,0.1098,0.07614,1533013,1533013
SinmeB_1474,0.00463333333333333,0.0496,0.09703,1533859.5,1533859.5
SinmeB_1475,0.0038,0.0334,0.11268,1535687,1535687
SinmeB_1478,0,0.00495,0,1538567.5,1538567.5
SinmeB_1481,0.0037,0.0197,0.18961,1540523.5,1540523.5
SinmeB_1484,0.0096,0.0177,0.54037,1545000,1545000
SinmeB_1485,0.003,0.0164,0.18259,1546127.5,1546127.5
SinmeB_1488,0.0033,0.0723,0.04617,1548662,1548662
SinmeB_1489,0,0,0,1549412.5,1549412.5
SinmeB_1490,0,0.0131666666666667,0,1551843,1551843
SinmeB_1493,0,0.0214,0,1556069.75,1556069.75
SinmeB_1494,0.0018,0.0337,0.05374,1557702,1557702
SinmeB_1496,0.0029,0.0202,0.14288,1559077.5,1559077.5
SinmeB_1497,0.0089,0.03675,0.22733,1560432,1560432
SinmeB_1499,0.0016,0.0783,0.02106,1561771.5,1561771.5
SinmeB_1500,0,0.0657,0,1562695.5,1562695.5
SinmeB_1501,0.0012,0.0298,0.04145,1563440,1563440
SinmeB_1503,0.003,0,NA,1565168,1565168
SinmeB_1505,0.0097,0.0479,0.20153,1567758,1567758
SinmeB_1507,0.0033,0.0896,0.03726,1568846,1568846
SinmeB_1508,0,0.0541,0,1570147,1570147
SinmeB_1511,0,0.0476,0,1572229.5,1572229.5
SinmeB_1513,0,0.0355,0,1574044,1574044
SinmeB_1515,0,0.0234,0,1575463,1575463
SinmeB_1516,0,0,0,1577248,1577248
SinmeB_1517,0.0018,0.0111,0.16309,1578074.5,1578074.5
SinmeB_1526,0.0042,0.021,0.1377,1584437.5,1584437.5
SinmeB_1528,0.00125,0.0445,0.03907,1587403,1587403
SinmeB_1535,0.0034,0.0296,0.11454,1594039.5,1594039.5
SinmeB_1538,0.0008,0.00245,NA,1597254,1597254
SinmeB_1539,0.00195,0.02345,0.042125,1598759.5,1598759.5
SinmeB_1540,0,0.0001,0,1599644.5,1599644.5
SinmeB_1541,0.0005,0.0284,0.0171,1601089,1601089
SinmeB_1542,0,0,0,1603058,1603058
SinmeB_1546,0,0.0561,0,1607651.25,1607651.25
SinmeB_1547,0,0.04085,0,1609741.75,1609741.75
SinmeB_1548,0.00276666666666667,0.0214666666666667,0.0859833333333333,1611659.66666667,1611659.66666667
SinmeB_1549,0.0012,0.0196,0.05961,1613524,1613524
SinmeB_1550,0.0016,0.0424,0.03879,1615500,1615500
SinmeB_1552,0.00156666666666667,0.0233666666666667,0.0793366666666667,1618710.5,1618710.5
SinmeB_1553,0.0035,0.0329,0.10545,1620517.5,1620517.5
SinmeB_1557,0.0057,0.0255,0.22185,1624918.5,1624918.5
SinmeB_1560,0.0028,0.0284,0.09762,1626835,1626835
SinmeB_1561,0.0029,0.0402,0.07276,1627547.5,1627547.5
SinmeB_1563,0.0021,0.0123,0.16817,1629065.5,1629065.5
SinmeB_1566,0.0037,0.0322333333333333,0.200243333333333,1633898.83333333,1633898.83333333
SinmeB_1568,0.0018,0.0251,0.0708,1639902.5,1639902.5
SinmeB_1570,0.0011,0.0145,0.07455,1641814.5,1641814.5
SinmeB_1571,0.0015,0.014,0.10419,1643399.5,1643399.5
SinmeB_1572,0.0038,0.0125,0.30136,1645760.5,1645760.5
SinmeB_1575,0.0025,0.0306,0.08286,1647817,1647817
SinmeB_1577,0.0017,0,NA,1649603,1649603
SinmeB_1579,0.0012,0.0378,0.03285,1650577.5,1650577.5
SinmeB_1580,0.0064,0.0212,0.29927,1651330,1651330
SinmeB_1581,0.00105,0.01465,0.152975,1652201.25,1652201.25
SinmeB_1582,0.001,0.0353,0.02801,1653771.5,1653771.5
SinmeB_1583,0.0035,0.0458,0.07565,1654823,1654823
SinmeB_1584,0.0042,0.1306,0.03191,1655554,1655554
SinmeB_1585,0.0103,0.0536,0.19132,1656359.5,1656359.5
SinmeB_1586,0.0009,0.0245,0.0355,1657779,1657779
SinmeB_1587,0,0.0377,0,1660033,1660033
SinmeB_1588,0.0005,0.0222,0.02427,1661650,1661650
SinmeB_1590,0.0043,0.01175,0.37598,1663455,1663455
SinmeB_1591,0.0057,0.01,0.57531,1664516.5,1664516.5
SinmeB_1595,0.0008,0.0296,0.02773,1669354.5,1669354.5
SinmeB_1604,0.0081,0.0152,0.53236,1680532,1680532
SinmeB_1614,0.0023,0.0551,0.04255,1690055,1690055
SinmeB_1617,0.0026,0.0212,0.12083,1692695.5,1692695.5
SinmeB_1626,0.00305,0.03495,0.0951,1702183.5,1702183.5
SinmeB_1628,0.0039,0.0749,0.05169,1703502.5,1703502.5
SinmeB_1630,0.0038,0.014,0.27309,1704532,1704532
SinmeB_1646,0.0032,0.0243,0.13043,1715703.5,1715703.5
SinmeB_1648,0.0019,0.0119,0.15969,1717494.5,1717494.5
SinmeB_1649,0,0,0,1719559.5,1719559.5
SinmeB_1650,0,0.008,0,1720117,1720117
SinmeB_1651,0,0.0144,0,1720683.5,1720683.5
SinmeB_1652,0.00295,0.0338,0.097835,1722209.5,1722209.5
SinmeB_1660,0.0089,0.0395,0.22479,1732194,1732194
SinmeB_1662,0.0057,0.0385,0.14843,1733967,1733967
SinmeB_1674,0,0.0001,0,1744652,2163370
SinmeB_1676,0,0.0001,0,1747759,2160263
SinmeB_1677,0,0,0,1748530,2159492
SinmeB_1678,0,0.0001,0,1749810,2158212
SinmeB_1683,0,0.0265,0,1752160.5,2155861.5
SinmeB_1686,0,0,0,1753170.5,2154851.5
SinmeB_1687,0,0,0,1753477,2154545
SinmeB_1690,0,0.0044,0,1756225,2151797
SinmeB_1691,0,0.0067,0,1757127.5,2150894.5
SinmeB_1692,0,0,0,1758128.5,2149893.5
SinmeB_1693,0,0.0043,0,1759159,2148863
SinmeB_1695,0.0029,0,NA,1761249.5,2146772.5
SinmeB_1696,0.0006,0.0025,0.26094,1762595.5,2145426.5
SinmeB_1702,0,0.0001,0,1766421,2141601
SinmeB_1705,0,0.0001,0,1767528,2140494
SinmeB_1715,0,0.0001,0,1771379.5,2136642.5
SinmeB_1716,0,0.00205,0,1774986.25,2133035.75
SinmeB_1717,0,0,0,1776515.5,2131506.5
SinmeB_1722,0,0,0,1780015.5,2128006.5
SinmeB_1727,0.0012,0,NA,1782997.5,2125024.5
SinmeB_1730,0,0,0,1787031,2120991
SinmeB_1734,0,0.0026,0,1792529.5,2115492.5
SinmeB_1741,0.0013,0,NA,1801343,2106679
SinmeB_1742,0.0016,0.0054,0.30072,1803737,2104285
SinmeB_1743,0,0.0102,0,1804393,2103629
SinmeB_1744,0.0023,0,NA,1805251.5,2102770.5
SinmeB_1755,0,0.0039,0,1816525,2091497
SinmeB_1760,0,0,0,1820944.5,2087077.5
SinmeB_1761,0,0,0,1822599.5,2085422.5
SinmeB_1762,0.0034,0,NA,1823909.5,2084112.5
SinmeB_1763,0,0,0,1824606,2083416
SinmeB_1764,0,0,0,1826406,2081616
SinmeB_1765,0,0,0,1827023.5,2080998.5
SinmeB_1776,0,0.0001,0,1840983.5,2067038.5
SinmeB_1778,0,0.0001,0,1843750.5,2064271.5
SinmeB_1784,0,0.0001,0,1848374,2059648
SinmeB_1786,0,0.005,0,1849381,2058641
SinmeB_1790,0,0,0,1852846.5,2055175.5
SinmeB_1793,0,0,0,1856063,2051959
SinmeB_1794,0.0011,0,NA,1857072.5,2050949.5
SinmeB_1800,0,0,0,1860015,2048007
SinmeB_1811,0,0.0001,0,1869050.5,2038971.5
SinmeB_1812,0,0,0,1870225,2037797
SinmeB_1814,0.00075,0.00005,NA,1871574.75,2036447.25
SinmeB_1816,0,0.0001,0,1873217.5,2034804.5
SinmeB_1822,0,0.0001,0,1881749.5,2026272.5
SinmeB_1824,0,0,0,1884398.5,2023623.5
SinmeB_1831,0,0.0001,0,1889107.5,2018914.5
SinmeB_1832,0.0013,0.00725,NA,1889822.25,2018199.75
SinmeB_1833,0.0021,0,NA,1890974.5,2017047.5
SinmeB_1836,0,0.0001,0,1892586.5,2015435.5
SinmeB_1837,0,0,0,1893549.5,2014472.5
SinmeB_1848,0,0.0001,0,1900255,2007767
SinmeB_1849,0.0014,0.0039,0.34868,1901305.5,2006716.5
SinmeB_1850,0,0,0,1902207.5,2005814.5
SinmeB_1851,0,0,0,1903563,2004459
SinmeB_1852,0,0,0,1905088,2002934
SinmeB_1853,0,0.0001,0,1907093,2000929
SinmeB_1854,0,0.0001,0,1909112,1998910
SinmeB_1855,0.00075,0.00245,0.154265,1910227.5,1997794.5
SinmeB_1859,0.0016,0,NA,1913243.5,1994778.5
SinmeB_1860,0.0014,0.00215,NA,1914266.5,1993755.5
SinmeB_1862,0,0,0,1916448,1991574
SinmeB_1863,0.0038,0.0147,0.25793,1917247.5,1990774.5
SinmeB_1864,0.0019,0.003,0.62989,1919236,1988786
SinmeB_1865,0,0.0001,0,1920332,1987690
SinmeB_1866,0.0006,0,NA,1922160.5,1985861.5
SinmeB_1867,0,0.0001,0,1923503.5,1984518.5
SinmeB_1868,0,0.0001,0,1924217.5,1983804.5
SinmeB_1869,0.001,0,NA,1926730.5,1981291.5
SinmeB_1880,0.001,0,NA,1937696,1970326
SinmeB_1882,0.0024,0.0072,0.33534,1939866,1968156
SinmeB_1885,0.0008,0,NA,1942549.5,1965472.5
SinmeB_1887,0.0008,0,NA,1944401.5,1963620.5
SinmeB_1892,0,0.0001,0,1950141,1957881
SinmeB_1893,0.0014,0.0053,0.25893,1951161,1956861
SinmeB_1898,0.0014,0.0042,0.33436,1955513.5,1952508.5
SinmeB_1900,0,0,0,1957184,1950838
SinmeB_1901,0,0,0,1958367.5,1949654.5
SinmeB_1902,0.0012,0,NA,1959659.5,1948362.5
SinmeB_1903,0,0.0001,0,1960606.5,1947415.5
SinmeB_1907,0,0.0001,0,1963186,1944836
SinmeB_1913,0.0006,0.0017,0.36325,1968834.5,1939187.5
SinmeB_1920,0,0.0001,0,1980436.5,1927585.5
SinmeB_1923,0,0,0,1981610.5,1926411.5
SinmeB_1927,0,0,0,1984099.5,1923922.5
SinmeB_1928,0.005,0,NA,1984778,1923244
SinmeB_1935,0.0014,0,NA,1990421,1917601
SinmeB_1938,0,0,0,1994607,1913415
SinmeB_1940,0,0.0001,0,1996337.5,1911684.5
SinmeB_1942,0.0012,0.0019,0.31756,1997711.75,1910310.25
SinmeB_1948,0.0013,0.004,0.33284,2002802,1905220
SinmeB_1958,0.0032,0,NA,2008862,1899160
SinmeB_1959,0.0015,0,NA,2010671.25,1897350.75
SinmeB_1962,0,0.0071,0,2017517.5,1890504.5
SinmeB_1964,0.0009,0.0047,0.18337,2020980.5,1887041.5
SinmeB_1966,0,0,0,2023635.5,1884386.5
SinmeB_1968,0,0,0,2024982.5,1883039.5
SinmeB_1969,0,0.0001,0,2026223,1881799
SinmeB_1970,0,0,0,2027003,1881019
SinmeB_1974,0,0.0001,0,2030929,1877093
SinmeB_1977,0,0.0001,0,2033518,1874504
SinmeB_1981,0,0.00565,0,2036456,1871566
SinmeB_1983,0,0.0084,0,2037784.5,1870237.5
SinmeB_1987,0.0008,0,NA,2040901.5,1867120.5
SinmeB_1989,0.000733333333333333,0.003,0.0810466666666667,2044385.33333333,1863636.66666667
SinmeB_1992,0,0.0001,0,2049555,1858467
SinmeB_1997,0,0,0,2054887,1853135
SinmeB_1999,0,0.0001,0,2057258.5,1850763.5
SinmeB_2000,0,0.0213,0,2059205,1848817
SinmeB_2001,0,0,0,2059517,1848505
SinmeB_2002,0,0,0,2061460,1846562
SinmeB_2004,0,0.01805,0,2063604.25,1844417.75
SinmeB_2005,0,0.00005,0,2065255,1842767
SinmeB_2006,0,0.0107,0,2066882,1841140
SinmeB_2009,0,0.0001,0,2069936,1838086
SinmeB_2012,0,0.0087,0,2073610.5,1834411.5
SinmeB_2014,0.0007,0,NA,2074797.5,1833224.5
SinmeB_2026,0.0012,0.0049,0.2433,2089997.5,1818024.5
SinmeB_2029,0.0027,0.0037,0.72999,2093582,1814440
SinmeB_2030,0.0015,0,NA,2094818,1813204
SinmeB_2031,0.0031,0,NA,2095608.5,1812413.5
SinmeB_2055,0,0,0,2123651,1784371
SinmeB_2060,0,0,0,2130079,1777943
SinmeB_2062,0,0,0,2131401.5,1776620.5
SinmeB_2063,0,0.0001,0,2132178.5,1775843.5
SinmeB_2064,0.0015,0,NA,2134151.25,1773870.75
SinmeB_2071,0.0017,0,NA,2141465,1766557
SinmeB_2072,0,0.0001,0,2142410,1765612
SinmeB_2073,0,0.0001,0,2143315,1764707
SinmeB_2074,0,0.00005,0,2144675.5,1763346.5
SinmeB_2075,0,0,0,2146491.5,1761530.5
SinmeB_2076,0,0,0,2147951.25,1760070.75
SinmeB_2077,0,0,0,2149503.5,1758518.5
SinmeB_2078,0,0.0001,0,2150915,1757107
SinmeB_2080,0,0,0,2153800,1754222
SinmeB_2081,0.0046,0,NA,2155422.5,1752599.5
SinmeB_2083,0.0012,0.0062,0.19862,2157978,1750044
SinmeB_2087,0,0.0039,0,2162098.5,1745923.5
SinmeB_2088,0,0.0001,0,2163248.5,1744773.5
SinmeB_2089,0,0.0001,0,2164888.5,1743133.5
SinmeB_2094,0.0033,0,NA,2171546.5,1736475.5
SinmeB_2095,0,0,0,2171965,1736057
SinmeB_2097,0,0,0,2174808,1733214
SinmeB_2098,0.0038,0,NA,2177379.5,1730642.5
SinmeB_2099,0,0,0,2178272,1729750
SinmeB_2104,0,0,0,2185225.5,1722796.5
SinmeB_2105,0.00405,0,NA,2186073,1721949
SinmeB_2108,0,0,0,2188925.5,1719096.5
SinmeB_2112,0.0019,0.0044,0.42312,2191675.5,1716346.5
SinmeB_2115,0.0022,0,NA,2195120,1712902
SinmeB_2121,0,0.00005,0,2199733.75,1708288.25
SinmeB_2135,0,0,0,2211207,1696815
SinmeB_2142,0,0,0,2215479,1692543
SinmeB_2145,0,0,0,2222023.5,1685998.5
SinmeB_2146,0.0022,0.0045,NA,2222901.83333333,1685120.16666667
SinmeB_2152,0,0.0198,0,2230549,1677473
SinmeB_2156,0.001,0,NA,2233398.5,1674623.5
SinmeB_2158,0.0006,0,NA,2235011.5,1673010.5
SinmeB_2163,0,0.0056,0,2238214.5,1669807.5
SinmeB_2171,0,0,0,2245574,1662448
SinmeB_2173,0,0.005,0,2247144,1660878
SinmeB_2177,0,0,0,2251156,1656866
SinmeB_2178,0,0,0,2252295,1655727
SinmeB_2179,0,0.00005,0,2253455.5,1654566.5
SinmeB_2190,0.0007,0,NA,2262163.5,1645858.5
SinmeB_2193,0.0012,0,NA,2265270,1642752
SinmeB_2195,0,0.00285,0,2267629.125,1640392.875
SinmeB_2197,0,0.0061,0,2271733,1636289
SinmeB_2205,0.0012,0.0052,0.23566,2277895,1630127
SinmeB_2207,0,0,0,2279421,1628601
SinmeB_2208,0.0015,0,NA,2281334,1626688
SinmeB_2216,0.0017,0.0000333333333333333,NA,2292285.33333333,1615736.66666667
SinmeB_2222,0,0,0,2300570,1607452
SinmeB_2227,0,0,0,2305886.5,1602135.5
SinmeB_2228,0,0,0,2306519,1601503
SinmeB_2230,0,0,0,2308136.5,1599885.5
SinmeB_2232,0,0,0,2311469.5,1596552.5
SinmeB_2233,0.0024,0,NA,2312436.5,1595585.5
SinmeB_2238,0,0.0001,0,2318269,1589753
SinmeB_2239,0,0.00005,0,2319245,1588777
SinmeB_2243,0,0.0001,0,2322483.5,1585538.5
SinmeB_2253,0,0.0001,0,2327418,1580604
SinmeB_2269,0,0.006,0,2341483,1566539
SinmeB_2287,0,0.0001,0,2361758,1546264
SinmeB_2288,0.0007,0.00205,0.168915,2363296,1544726
SinmeB_2289,0.001,0,NA,2366637,1541385
SinmeB_2291,0,0,0,2368481.5,1539540.5
SinmeB_2293,0.001,0,NA,2369619.5,1538402.5
SinmeB_2295,0,0,0,2370871,1537151
SinmeB_2306,0,0,0,2378397.5,1529624.5
SinmeB_2308,0,0.0032,0,2379729,1528293
SinmeB_2312,0,0.0001,0,2383187,1524835
SinmeB_2313,0.001,0,NA,2384701.5,1523320.5
SinmeB_2322,0,0.0067,0,2393520,1514502
SinmeB_2323,0,0.0001,0,2394696.5,1513325.5
SinmeB_2324,0,0,0,2395801,1512221
SinmeB_2325,0,0.0001,0,2396601,1511421
SinmeB_2326,0,0,0,2397527.5,1510494.5
SinmeB_2328,0,0,0,2399569,1508453
SinmeB_2350,0.0011,0.0058,0.19387,2423926.5,1484095.5
SinmeB_2353,0.00075,0.00005,NA,2426688,1481334
SinmeB_2354,0,0.0001,0,2427903.5,1480118.5
SinmeB_2357,0,0,0,2429924.5,1478097.5
SinmeB_2358,0,0,0,2431276,1476746
SinmeB_2359,0.001,0.0056,0.18302,2432853,1475169
SinmeB_2361,0,0,0,2434656.5,1473365.5
SinmeB_2364,0.0008,0.0038,0.20085,2437613,1470409
SinmeB_2365,0,0.0065,0,2438977,1469045
SinmeB_2366,0,0.0065,0,2439927,1468095
SinmeB_2367,0.0015,0,NA,2441155,1466867
SinmeB_2369,0.0008,0,NA,2443708.5,1464313.5
SinmeB_2371,0,0.0033,0,2445581.5,1462440.5
SinmeB_2373,0,0,0,2448630,1459392
SinmeB_2374,0,0.005,0,2449788,1458234
SinmeB_2375,0,0.0001,0,2451066,1456956
SinmeB_2377,0.0013,0,NA,2452037,1455985
SinmeB_2378,0,0.0001,0,2452918.5,1455103.5
SinmeB_2383,0,0,0,2457647.5,1450374.5
SinmeB_2385,0,0,0,2458582.5,1449439.5
SinmeB_2386,0,0.0001,0,2459516.5,1448505.5
SinmeB_2393,0,0.0001,0,2467053.5,1440968.5
SinmeB_2396,0,0,0,2470262.5,1437759.5
SinmeB_2398,0.0017,0,NA,2472598.5,1435423.5
SinmeB_2406,0,0.0001,0,2482805.5,1425216.5
SinmeB_2408,0.0014,0,NA,2483801,1424221
SinmeB_2409,0,0.0001,0,2485159,1422863
SinmeB_2410,0,0.0001,0,2486155.5,1421866.5
SinmeB_2411,0.004,0,NA,2487398.5,1420623.5
SinmeB_2415,0,0.007,0,2490418.5,1417603.5
SinmeB_2417,0.0009,0.0112,0.0813,2491811,1416211
SinmeB_2418,0.0266,0.1368,0.19459,2493252.5,1414769.5
SinmeB_2419,0,0.1114,0,2494014,1414008
SinmeB_2420,0.0096,0.0426,0.22516,2495643.5,1412378.5
SinmeB_2421,0,0,0,2497820,1410202
SinmeB_2434,0.001,0,NA,2512431.5,1395590.5
SinmeB_2435,0.0016,0,NA,2514456.5,1393565.5
SinmeB_2436,0,0.00475,0,2515307.5,1392714.5
SinmeB_2437,0,0,0,2523992.16666667,1384029.83333333
SinmeB_2438,0,0.00305,0,2526056.75,1381965.25
SinmeB_2443,0.00085,0,NA,2532080.25,1375941.75
SinmeB_2444,0,0,0,2533610.5,1374411.5
SinmeB_2446,0,0.0054,0,2535963,1372059
SinmeB_2455,0,0,0,2541530.5,1366491.5
SinmeB_2456,0,0,0,2542596,1365426
SinmeB_2457,0,0,0,2543624.5,1364397.5
SinmeB_2458,0,0.0018,0,2546115.33333333,1361906.66666667
SinmeB_2459,0,0.0275,0,2547929.5,1360092.5
SinmeB_2461,0.0013,0,NA,2551414.5,1356607.5
SinmeB_2462,0,0,0,2552382,1355640
SinmeB_2468,0,0.0023,0,2556700.5,1351321.5
SinmeB_2470,0,0,0,2559055,1348967
SinmeB_2472,0,0.0001,0,2559820,1348202
SinmeB_2473,0,0,0,2560440,1347582
SinmeB_2474,0,0,0,2562044,1345978
SinmeB_2475,0,0,0,2562946.5,1345075.5
SinmeB_2476,0.0017,0,NA,2563621.5,1344400.5
SinmeB_2491,0.0015,0,NA,2578984.5,1329037.5
SinmeB_2497,0,0.0065,0,2584613.5,1323408.5
SinmeB_2507,0,0,0,2593625.5,1314396.5
SinmeB_2508,0.0019,0,NA,2594552.5,1313469.5
SinmeB_2509,0.0027,0,NA,2595800.5,1312221.5
SinmeB_2514,0.0007,0.0039,0.18287,2598421.5,1309600.5
SinmeB_2526,0,0.00005,0,2611743.5,1296278.5
SinmeB_2527,0.00155,0,NA,2612631.5,1295390.5
SinmeB_2529,0,0,0,2616395,1291627
SinmeB_2530,0,0.0053,0,2618064,1289958
SinmeB_2531,0,0.0001,0,2619097,1288925
SinmeB_2532,0.0017,0,NA,2620053,1287969
SinmeB_2533,0,0,0,2621057.25,1286964.75
SinmeB_2536,0,0.0052,0,2624747,1283275
SinmeB_2553,0,0.0044,0,2636413.5,1271608.5
SinmeB_2554,0,0,0,2637782.5,1270239.5
SinmeB_2557,0,0,0,2640080.5,1267941.5
SinmeB_2558,0,0.0053,0,2641514.5,1266507.5
SinmeB_2559,0.001,0,NA,2644295,1263727
SinmeB_2562,0,0.0001,0,2648168.5,1259853.5
SinmeB_2564,0.0012,0.0056,0.22366,2650684,1257338
SinmeB_2565,0,0.0001,0,2652378.5,1255643.5
SinmeB_2566,0,0.0019,0,2654643.5,1253378.5
SinmeB_2571,0,0.0001,0,2660062.25,1247959.75
SinmeB_2578,0,0,0,2667875,1240147
SinmeB_2585,0,0,0,2674676,1233346
SinmeB_2586,0.0004,0.00005,NA,2677676.75,1230345.25
SinmeB_2588,0,0,0,2680321,1227701
SinmeB_2599,0,0.0056,0,2691084.5,1216937.5
SinmeB_2600,0.0011,0,NA,2692241,1215781
SinmeB_2606,0,0.0078,0,2698942,1209080
SinmeB_2607,0,0,0,2699906,1208116
SinmeB_2608,0,0,0,2700853,1207169
SinmeB_2609,0,0,0,2702105,1205917
SinmeB_2610,0,0,0,2703301.5,1204720.5
SinmeB_2611,0,0,0,2704190.5,1203831.5
SinmeB_2612,0.0011,0,NA,2705147.5,1202874.5
SinmeB_2616,0.0014,0.0052,0.26547,2706878,1201144
SinmeB_2618,0,0,0,2708273,1199749
SinmeB_2620,0.0012,0.0023,NA,2710178.16666667,1197843.83333333
SinmeB_2623,0,0.0047,0,2712507.5,1195514.5
SinmeB_2626,0,0.0001,0,2715176,1192846
SinmeB_2634,0.0052,0,NA,2726926.5,1181095.5
SinmeB_2644,0,0,0,2742916.5,1165105.5
SinmeB_2646,0.0011,0.0054,0.20934,2744865,1163157
SinmeB_2647,0,0,0,2745576.5,1162445.5
SinmeB_2648,0.0018,0.00845,NA,2746907,1161115
SinmeB_2649,0,0,0,2747921.5,1160100.5
SinmeB_2650,0,0,0,2749195.25,1158826.75
SinmeB_2651,0.00075,0.00005,NA,2751007.5,1157014.5
SinmeB_2655,0,0.0072,0,2754960.5,1153061.5
SinmeB_2661,0,0.0057,0,2761758,1146264
SinmeB_2673,0,0.0027,0,2776686,1131336
SinmeB_2674,0,0,0,2778080,1129942
SinmeB_2675,0.0026,0,NA,2779441.75,1128580.25
SinmeB_2676,0,0,0,2781085.5,1126936.5
SinmeB_2677,0,0.0026,0,2783044.66666667,1124977.33333333
SinmeB_2680,0,0.0001,0,2786592,1121430
SinmeB_2682,0.00045,0.0014,NA,2789107.5,1118914.5
SinmeB_2684,0.0027,0,NA,2792330,1115692
SinmeB_2686,0,0.0001,0,2793406,1114616
SinmeB_2687,0,0,0,2794747.5,1113274.5
SinmeB_2688,0,0,0,2795983,1112039
SinmeB_2689,0,0.0001,0,2796975,1111047
SinmeB_2691,0.0009,0,NA,2799033.75,1108988.25
SinmeB_2696,0.0039,0.0006,6.22481,2804776,1103246
SinmeB_3063,0.001,0,NA,3216696.5,691325.5
SinmeB_3064,0,0.0001,0,3217702,690320
SinmeB_3065,0.0009,0,NA,3218846.25,689175.75
SinmeB_3066,0,0.0001,0,3220186,687836
SinmeB_3068,0,0.0001,0,3221527.5,686494.5
SinmeB_3079,0,0,0,3236533.5,671488.5
SinmeB_3086,0,0.0001,0,3246809.25,661212.75
SinmeB_3089,0.0011,0.0018,0.62472,3251516.5,656505.5
SinmeB_3090,0,0,0,3254648,653374
SinmeB_3091,0,0.0001,0,3255348.5,652673.5
SinmeB_3093,0,0.0059,0,3257522.5,650499.5
SinmeB_3095,0.0007,0.0063,0.11016,3260866.5,647155.5
SinmeB_3103,0,0.0001,0,3270756,637266
SinmeB_3104,0.0017,0,NA,3272024.5,635997.5
SinmeB_3105,0.0012,0,NA,3273354,634668
SinmeB_3106,0.0022,0,NA,3274448,633574
SinmeB_3107,0,0.0001,0,3275418,632604
SinmeB_3108,0.00075,0.00005,NA,3276595.5,631426.5
SinmeB_3110,0,0,0,3278059,629963
SinmeB_3112,0,0,0,3279913,628109
SinmeB_3115,0.0009,0,NA,3281598,626424
SinmeB_3116,0,0,0,3282919.5,625102.5
SinmeB_3119,0.0007,0.00005,NA,3285745,622277
SinmeB_3120,0,0,0,3287047,620975
SinmeB_3121,0,0.006,0,3288142,619880
SinmeB_3122,0.0011,0.0068,0.15871,3289706.5,618315.5
SinmeB_3130,0,0,0,3299142.5,608879.5
SinmeB_3133,0,0,0,3301929,606093
SinmeB_3134,0,0.0001,0,3302825,605197
SinmeB_3137,0.0013,0,NA,3306114,601908
SinmeB_3151,0,0,0,3327446.5,580575.5
SinmeB_3153,0.0038,0,NA,3329542.5,578479.5
SinmeB_3160,0,0,0,3334875,573147
SinmeB_3166,0,0.0097,0,3340402,567620
SinmeB_3167,0.0032,0,NA,3342045,565977
SinmeB_3168,0,0.0000666666666666667,0,3344476,563546
SinmeB_3171,0,0.0001,0,3347442.5,560579.5
SinmeB_3172,0,0.0001,0,3348726,559296
SinmeB_3176,0.001,0.0041,0.239,3354604.5,553417.5
SinmeB_3248,0,0,0,3439173.5,468848.5
SinmeB_3249,0.0036,0,NA,3439816.75,468205.25
SinmeB_3250,0,0.0001,0,3440760.5,467261.5
SinmeB_3251,0,0.0029,0,3442239,465783
SinmeB_3252,0,0.0001,0,3444020,464002
SinmeB_3253,0,0,0,3444997,463025
SinmeB_3254,0,0.00565,0,3445890.25,462131.75
SinmeB_3255,0,0.0031,0,3447269,460753
SinmeB_3256,0,0.0001,0,3448623,459399
SinmeB_3258,0.0011,0.0036,0.31317,3450061,457961
SinmeB_3259,0,0.0001,0,3450998.5,457023.5
SinmeB_3264,0,0,0,3458653,449369
SinmeB_3266,0,0.0001,0,3460307.5,447714.5
SinmeB_3267,0.0025,0,NA,3461134.25,446887.75
SinmeB_3268,0,0.0001,0,3462336.5,445685.5
SinmeB_3269,0,0,0,3463423,444599
SinmeB_3270,0,0,0,3464714.5,443307.5
SinmeB_3272,0,0,0,3466051.5,441970.5
SinmeB_3273,0,0.0056,0,3466862,441160
SinmeB_3275,0,0.0035,0,3468063,439959
SinmeB_3278,0,0.0001,0,3470578.5,437443.5
SinmeB_3279,0,0.00005,0,3471847.25,436174.75
SinmeB_3281,0,0,0,3476403,431619
SinmeB_3286,0.0013,0,NA,3483737,424285
SinmeB_3287,0,0,0,3484805,423217
SinmeB_3290,0,0,0,3487958,420064
SinmeB_3293,0.0026,0,NA,3490914.5,417107.5
SinmeB_3294,0.002,0,NA,3491776,416246
SinmeB_3296,0,0.0001,0,3494205.5,413816.5
SinmeB_3304,0.0005,0.0057,0.0858,3504586.5,403435.5
SinmeB_3306,0,0.0001,0,3506494.5,401527.5
SinmeB_3307,0,0,0,3507229.25,400792.75
SinmeB_3314,0,0.0001,0,3514171.5,393850.5
SinmeB_3315,0,0.0001,0,3514815.5,393206.5
SinmeB_3316,0,0,0,3515584,392438
SinmeB_3317,0,0.00005,0,3516253,391769
SinmeB_3322,0,0,0,3523236.5,384785.5
SinmeB_3323,0,0.0001,0,3524187.5,383834.5
SinmeB_3324,0,0.0103,0,3524883.25,383138.75
SinmeB_3325,0,0.0001,0,3525828.5,382193.5
SinmeB_3326,0,0,0,3527527.5,380494.5
SinmeB_3327,0.0015,0,NA,3528325.5,379696.5
SinmeB_3328,0,0.0067,0,3529210.5,378811.5
SinmeB_3334,0,0.0001,0,3533541,374481
SinmeB_3335,0.0008,0.0027,0.31027,3534887.5,373134.5
SinmeB_3337,0,0.0144,0,3536052,371970
SinmeB_3338,0,0.0038,0,3537493.5,370528.5
SinmeB_3346,0,0.0001,0,3548237,359785
SinmeB_3348,0,0.00005,0,3551576.75,356445.25
SinmeB_3351,0.002,0.0179,0.10922,3554692.5,353329.5
SinmeB_3356,0,0,0,3559137.5,348884.5
SinmeB_3358,0,0.0001,0,3561405,346617
SinmeB_3359,0,0.0076,0,3562128.5,345893.5
SinmeB_3365,0.0007,0,NA,3569692.5,338329.5
SinmeB_3367,0,0,0,3571353,336669
SinmeB_3383,0,0,0,3583947,324075
SinmeB_3384,0,0.008,0,3585368.5,322653.5
SinmeB_3385,0.0008,0,NA,3586880,321142
SinmeB_3407,0.0021,0.0047,0.45552,3608015.5,300006.5
SinmeB_3413,0.00055,0.003,0.09082,3612857.25,295164.75
SinmeB_3420,0,0.0001,0,3617830,290192
SinmeB_3421,0.0015,0,NA,3618930.5,289091.5
SinmeB_3427,0.001,0.0012,0.85613,3624102.5,283919.5
SinmeB_3429,0,0.0033,0,3627304,280718
SinmeB_3441,0.0019,0,NA,3637329,270693
SinmeB_3445,0,0.0001,0,3642205.5,265816.5
SinmeB_3446,0,0,0,3643795,264227
SinmeB_3447,0,0.0001,0,3644588.5,263433.5
SMc00010,0.0007,0.0119,0.05943,993783,993783
SMc00018,0,0.0001,0,1001150.5,1001150.5
SMc00019,0,0,0,1003463.5,1003463.5
SMc00020,0,0,0,1011057.5,1011057.5
SMc00024,0.0004,0,NA,1021146.5,1021146.5
SMc00026,0,0,0,1027646,1027646
SMc00030,0,0,0,1038617.5,1038617.5
SMc00041,0,0,0,1060368.5,1060368.5
SMc00051,0,0.0038,0,1086218.5,1086218.5
SMc00056,0.0037,0,NA,1090429.5,1090429.5
SMc00057,0,0,0,1090791.5,1090791.5
SMc00058,0,0,0,1091586.5,1091586.5
SMc00059,0.0009,0,NA,1094341.5,1094341.5
SMc00060,0.0015,0,NA,1095611.5,1095611.5
SMc00086,0,0.0047,0,1070413,1070413
SMc00129,0,0,0,1106336.5,1106336.5
SMc00138,0,0.0001,0,2032801,1875221
SMc00139,0,0.0001,0,2031981.5,1876040.5
SMc00142,0.0024,0,NA,2027596,1880426
SMc00235,0.0013,0,NA,1802814.5,2105207.5
SMc00249,0,0.0001,0,1819898.5,2088123.5
SMc00273,0,0,0,1842670.5,2065351.5
SMc00297,0,0,0,1870604.5,2037417.5
SMc00321,0,0,0,273952.5,273952.5
SMc00323,0,0,0,276820.5,276820.5
SMc00325,0,0.0102,0,280064,280064
SMc00329,0,0.0001,0,283980,283980
SMc00333,0.0009,0.005,0.17494,287660,287660
SMc00342,0,0.0088,0,298589,298589
SMc00343,0.0011,0,NA,299835,299835
SMc00364,0,0,0,318946,318946
SMc00373,0,0.0096,0,327727,327727
SMc00379,0,0.0076,0,333677.5,333677.5
SMc00384,0,0.0001,0,338019,338019
SMc00430,0,0.0046,0,378959,378959
SMc00478,0,0.0026,0,1941000.5,1967021.5
SMc00492,0.0033,0.0205,0.16144,1917892.5,1990129.5
SMc00537,0,0.0001,0,1925355,1982667
SMc00560,0,0,0,1230611,1230611
SMc00562,0,0.0001,0,1232955,1232955
SMc00572,0.0017,0.0293,0.058,1242007.5,1242007.5
SMc00573,0,0.0147,0,1242831,1242831
SMc00773,0,0.0178,0,786941.5,786941.5
SMc00788,0,0.0001,0,810655,810655
SMc00790,0,0,0,812378.5,812378.5
SMc00804,0,0,0,823618.5,823618.5
SMc00812,0.0034,0,NA,833106.5,833106.5
SMc00856,0,0,0,930896.5,930896.5
SMc00857,0,0.0046,0,930227,930227
SMc00869,0,0.011,0,918386,918386
SMc00877,0,0,0,909588.5,909588.5
SMc00887,0,0.0031,0,897643.5,897643.5
SMc00914,0,0.0001,0,868025.5,868025.5
SMc00919,0.0016,0,NA,863906,863906
SMc00945,0,0,0,1772178.5,2135843.5
SMc00951,0,0,0,1778706.5,2129315.5
SMc00955,0.0011,0.0039,0.2853,1784874.5,2123147.5
SMc00956,0,0,0,1786522,2121500
SMc00995,0,0.0083,0,1520916,1520916
SMc01028,0.0019,0.0708,0.02708,1554084,1554084
SMc01110,0,0,0,445644.5,445644.5
SMc01118,0,0,0,437436,437436
SMc01122,0,0.0133,0,434254.5,434254.5
SMc01143,0,0.0001,0,408109.5,408109.5
SMc01151,0,0.0172,0,401161,401161
SMc01159,0,0,0,391531.5,391531.5
SMc01213,0.0026,0.0128,0.20532,1714277.5,1714277.5
SMc01242,0.0013,0,NA,1676126,1676126
SMc01256,0.0036,0.0413,0.08685,1519912,1519912
SMc01266,0,0.0421,0,1510047,1510047
SMc01290,0.0027,0,NA,1488118,1488118
SMc01293,0,0,0,1486769,1486769
SMc01295,0,0.0151,0,1485802,1485802
SMc01297,0.0023,0.0182,0.12765,1484976,1484976
SMc01301,0,0.0001,0,1483477,1483477
SMc01306,0,0.0263,0,1481095,1481095
SMc01370,0.001,0.0089,0.10958,1410790.5,1410790.5
SMc01429,0,0,0,2273523.5,1634498.5
SMc01437,0.0023,0,NA,2282066.5,1625955.5
SMc01513,0.0012,0.0044,0.28053,2617006.5,1291015.5
SMc01531,0,0.0001,0,2601690.5,1306331.5
SMc01534,0,0.0045,0,2596821,1311201
SMc01580,0,0.0001,0,2517538,1390484
SMc01581,0.005,0,NA,2517779,1390243
SMc01583,0.0021,0,NA,2518636,1389386
SMc01584,0,0,0,2519871,1388151
SMc01585,0,0.0001,0,2521099.5,1386922.5
SMc01586,0,0,0,2521563.5,1386458.5
SMc01609,0,0.0001,0,2398664.5,1509357.5
SMc01611,0.0006,0,NA,2401272.5,1506749.5
SMc01632,0,0,0,2425099.5,1482922.5
SMc01641,0,0,0,2436088,1471934
SMc01656,0.0008,0.005,0.16212,2454061.5,1453960.5
SMc01698,0.0018,0.0118,0.14883,1729535.5,1729535.5
SMc01711,0.005,0.0231,0.21753,493928,493928
SMc01712,0,0.0191,0,492604.5,492604.5
SMc01725,0.0018,0.0066,0.27841,477776.5,477776.5
SMc01728,0.0011,0.018,0.06341,474684,474684
SMc01767,0,0.0373,0,1314100.5,1314100.5
SMc01772,0,0,0,1319304.5,1319304.5
SMc01780,0.0006,0.0264,0.02185,1326150.5,1326150.5
SMc01785,0,0.0366,0,1330846.5,1330846.5
SMc01787,0.0022,0,NA,1332172,1332172
SMc01789,0.0086,0.0636,0.13446,1334549,1334549
SMc01821,0.0008,0.0043,0.19324,2645825,1262197
SMc01823,0,0,0,2647528.5,1260493.5
SMc01825,0.0014,0.0123,0.11463,2648847,1259175
SMc01826,0,0.0001,0,2649726.5,1258295.5
SMc01847,0,0,0,2367597.5,1540424.5
SMc01903,0,0.0187,0,1362393,1362393
SMc01905,0,0.0167,0,1365961,1365961
SMc01911,0.0063,0.0589,0.1066,1376041,1376041
SMc01918,0,0.043,0,1382828,1382828
SMc01981,0,0.0001,0,2706075,1201947
SMc02070,0.0015,0.0347,0.04433,1648822,1648822
SMc02078,0,0.031,0,1637713,1637713
SMc02082,0.0138,0.2012,0.06874,1630357,1630357
SMc02093,0.0036,0.0468,0.07737,1617237.5,1617237.5
SMc02124,0.0022,0.0471,0.04707,1585894.5,1585894.5
SMc02134,0.0045,0.0193,0.2336,578541.5,578541.5
SMc02147,0,0.0205,0,565889,565889
SMc02174,0.0029,0.034,0.08584,521592.5,521592.5
SMc02231,0,0.0234,0,597012.5,597012.5
SMc02244,0.0019,0.0251,0.07553,607863,607863
SMc02251,0.0021,0.0593,0.03589,616343,616343
SMc02261,0.0041,0.0527,0.07772,626303,626303
SMc02264,0.0074,0.0001,106.68707,629820,629820
SMc02265,0.001,0.0401,0.02431,631377,631377
SMc02306,0.0029,0.0485,0.0595,679608,679608
SMc02315,0.0231,0.0824,0.27988,687442.5,687442.5
SMc02333,0.0016,0.0076,0.21691,2752271,1155751
SMc02336,0.0016,0,NA,2756132,1151890
SMc02362,0,0,0,1109188,1109188
SMc02392,0,0,0,1145364,1145364
SMc02396,0,0.0042,0,1149127.5,1149127.5
SMc02418,0,0.0001,0,2791336,1116686
SMc02469,0.0011,0,NA,3328642,579380
SMc02488,0.0012,0,NA,3307370,600652
SMc02509,0,0,0,3284378.5,623643.5
SMc02564,0,0,0,54953.5,54953.5
SMc02575,0,0,0,61809.5,61809.5
SMc02599,0.0008,0.0065,0.12004,1195538,1195538
SMc02603,0.001,0,NA,1192808,1192808
SMc02609,0,0,0,103004,103004
SMc02610,0,0,0,104051.5,104051.5
SMc02611,0,0.0059,0,104885,104885
SMc02612,0,0.0001,0,105907,105907
SMc02655,0,0.0071,0,1168076.5,1168076.5
SMc02658,0,0.0001,0,1166807.5,1166807.5
SMc02685,0,0,0,2534773,1373249
SMc02705,0,0.0019,0,2554251.5,1353770.5
SMc02737,0,0.0058,0,2591588,1316434
SMc02738,0.0015,0,NA,2592683,1315339
SMc02770,0,0.0001,0,25072,25072
SMc02773,0,0.0033,0,21319.5,21319.5
SMc02792,0.0024,0,NA,1642,1642
SMc02813,0,0,0,2480837,1427185
SMc02818,0,0.0001,0,2377428,1530594
SMc02837,0,0,0,187280,187280
SMc02898,0.0034,0,NA,255580,255580
SMc02908,0,0.0095,0,263476.5,263476.5
SMc03001,0.0024,0.0294,0.08318,699254.5,699254.5
SMc03014,0.0007,0.0348,0.02116,712425.5,712425.5
SMc03024,0.0052,0.0831,0.06266,722270.5,722270.5
SMc03025,0.0017,0.1274,0.01354,723377.5,723377.5
SMc03026,0.0091,0.0428,0.21195,724357.5,724357.5
SMc03027,0,0.0288,0,725128,725128
SMc03028,0.006,0.106,0.05658,725533,725533
SMc03029,0.0036,0.1748,0.02038,725913,725913
SMc03030,0.0015,0.1421,0.01064,726485,726485
SMc03031,0.0054,0.0571,0.09377,727167.5,727167.5
SMc03032,0.0022,0.1085,0.02026,727961.5,727961.5
SMc03043,0.0102,0.0916,0.11187,739587,739587
SMc03047,0.0133,0.3602,0.03706,743524,743524
SMc03090,0,0.0117,0,3258401.5,649620.5
SMc03100,0,0.0337,0,3243149.5,664872.5
SMc03108,0,0,0,3233197,674825
SMc03747,0.0024,0,NA,3356009.5,552012.5
SMc03808,0.0005,0.0022,0.2069,3474613.5,433408.5
SMc03818,0,0,0,3485849,422173
SMc03837,0,0.0001,0,3502928.5,405093.5
SMc04092,0,0,0,3634381,273641
SMc04112,0,0.0001,0,162033.5,162033.5
SMc04130,0,0,0,142991,142991
SMc04132,0,0,0,140553.5,140553.5
SMc04149,0,0.0001,0,118422.5,118422.5
SMc04194,0,0,0,2181129.5,1726892.5
SMc04204,0,0,0,2189699,1718323
SMc04208,0,0.0056,0,2196703.5,1711318.5
SMc04228,0,0.0001,0,2054385.5,1853636.5
SMc04240,0,0.0001,0,2066222,1841800
SMc04266,0,0.0001,0,2096008.5,1812013.5
SMc04286,0,0.0062,0,2107594.5,1800427.5
SMc04292,0.0014,0,NA,2212940.5,1695081.5
SMc04322,0,0.0052,0,2224414.5,1683607.5
SMc04339,0,0.0001,0,2145654,1762368
SMc04357,0,0.015,0,2237362.5,1670659.5
SMc04386,0.001,0,NA,3588279,319743
SMc04388,0.0009,0,NA,3590446.5,317575.5
SMc04463,0.0043,0,NA,94392,94392
